"Mr. Daryl Morar III",+1-661-933-8685,"936 Schultz Fields Apt. 402Labadietown, CT 09619-0245",heather44@example.org
"Gilda Johnston",+19084320918,"73998 Smith Motorway Apt. 155
Cyruschester, GA 90313",qmiller@example.com
"Jody McLaughlin III",279-333-1142,"793 Hulda Fords
Patrickfurt, VA 81578-3402",crooks.maritza@example.org
"Mr. Murl Johns","+1 (618) 745-5590","726 Garret Highway Suite 502
Boganstad, CO 96897",carli.krajcik@example.com
"Dr. Jarvis O'Conner",763-598-9503,"652 Lela River
Port Maybell, WI 11054-9416",gulgowski.teagan@example.net
"Chaya Kshlerin",509.789.4460,"5497 Nat Burgs Suite 524
Eladiofort, ID 64955",karolann.lind@example.org
"Ludwig Beier","(681) 253-8108","899 Ollie Row Suite 814
Meghanbury, OH 46025-1206",kyra.sanford@example.org
"Camila Marvin",+1-870-223-8774,"14125 Gretchen Path
East Mavisberg, MN 33075",drolfson@example.net
"Athena Rippin",952.566.9157,"993 Ward Mountain
Bulahchester, DC 77042-8018",chester.donnelly@example.com
"Dr. Bud Klein DDS",1-458-354-8484,"7354 Cassie Plains
Destinychester, PA 63333-9722",schamberger.bartholome@example.org
